Method,Value
Mean,182.9294646564918
Std,288.37702132847755
Max,738.3333333333219
Min,-94.99999999999905
