Method,Value
Mean,494.49584359580024
Std,287.80290003473726
Max,860.5555555555413
Min,-94.999999999999
