Method,Value
Mean,152.15337600506012
Std,161.53745464747718
Max,372.4796747967437
Min,-94.99999999999903
