Method,Value
Mean,-29.128351725007104
Std,51.33212653947605
Max,88.0985915492992
Min,-115.91791044776132
