Method,Value
Mean,-21.9238014311275
Std,234.7721050721379
Max,901.4076923076774
Min,-94.99999999999903
